Type,SubType,Count
C>A,ACA,81
C>A,ACC,187
C>A,ACG,17
C>A,ACT,117
C>A,CCA,40
C>A,CCC,135
C>A,CCG,4
C>A,CCT,0
C>A,GCA,134
C>A,GCC,22
C>A,GCG,62
C>A,GCT,0
C>A,TCA,3
C>A,TCC,221
C>A,TCG,0
C>A,TCT,2
C>G,ACA,157
C>G,ACC,103
C>G,ACG,6
C>G,ACT,96
C>G,CCA,2
C>G,CCC,11
C>G,CCG,34
C>G,CCT,0
C>G,GCA,1
C>G,GCC,18
C>G,GCG,14
C>G,GCT,0
C>G,TCA,0
C>G,TCC,18
C>G,TCG,5
C>G,TCT,160
C>T,ACA,2200
C>T,ACC,538
C>T,ACG,31884
C>T,ACT,863
C>T,CCA,150
C>T,CCC,31
C>T,CCG,17143
C>T,CCT,15
C>T,GCA,360
C>T,GCC,12
C>T,GCG,19153
C>T,GCT,4
C>T,TCA,106
C>T,TCC,0
C>T,TCG,9846
C>T,TCT,0
T>A,ATA,50
T>A,ATC,198
T>A,ATG,112
T>A,ATT,24
T>A,CTA,1
T>A,CTC,30
T>A,CTG,15
T>A,CTT,27
T>A,GTA,6
T>A,GTC,12
T>A,GTG,18
T>A,GTT,16
T>A,TTA,552
T>A,TTC,0
T>A,TTG,3
T>A,TTT,234
T>C,ATA,129
T>C,ATC,270
T>C,ATG,8
T>C,ATT,525
T>C,CTA,0
T>C,CTC,227
T>C,CTG,26
T>C,CTT,3
T>C,GTA,92
T>C,GTC,163
T>C,GTG,106
T>C,GTT,3
T>C,TTA,34
T>C,TTC,277
T>C,TTG,27
T>C,TTT,385
T>G,ATA,14
T>G,ATC,19
T>G,ATG,20
T>G,ATT,6
T>G,CTA,4
T>G,CTC,19
T>G,CTG,13
T>G,CTT,13
T>G,GTA,0
T>G,GTC,0
T>G,GTG,28
T>G,GTT,2
T>G,TTA,0
T>G,TTC,6
T>G,TTG,46
T>G,TTT,0
