2-mer Index,Type,Index
CC,CC>TT,12954600
CC,CC>TT,26976222
CC,CC>TT,9477723
CC,CC>TT,52390251
CC,CC>TT,8022995
CC,CC>TT,9705191
CC,CC>TT,28037021
CC,CC>TT,6652742
CC,CC>TT,30880743
CC,CC>TT,17770001
CC,CC>TT,44900730
CC,CC>TT,39987369
CC,CC>TT,42953237
CC,CC>TT,28437200
CC,CC>TT,44872099
CC,CC>TT,29621577
CC,CC>TT,10546634
AC,AC>TT,32329915
AC,AC>GT,16524274
CC,CC>TT,19680544
CC,CC>TT,43831410
CT,CT>TA,25278060
CC,CC>TT,30690943
CC,CC>TT,45619972
CC,CC>TT,32704595
CC,CC>TA,44808670
CC,CC>TT,32491289
CC,CC>TT,32955127
CC,CC>TT,8944320
CC,CC>TT,15106213
CC,CC>TT,4331151
CC,CC>TT,47856670
CC,CC>TT,24318498
CC,CC>TT,3350613
CC,CC>TT,23010059
CC,CC>TT,1695223
CC,CC>TT,30158040
CC,CC>TT,36364675
CC,CC>TT,30728879
CC,CC>AT,1672191
CC,CC>TT,28051259
CC,CC>TT,6175506
CC,CC>TT,32257882
CC,CC>TT,44798736
AC,AC>TT,39255374
AC,AC>TT,547091
CC,CC>TT,20928680
CC,CC>TT,51878153
CC,CC>TT,23151044
CC,CC>TT,7092601
CC,CC>TT,51817684
CC,CC>TT,42024668
CC,CC>TT,24271541
CC,CC>TT,11197429
CC,CC>TT,18227121
CC,CC>TT,36708703
CC,CC>TT,49246957
CC,CC>TT,24641546
CC,CC>TT,16841345
CC,CC>TT,45305219
CC,CC>TT,30867817
CC,CC>AT,50312822
CC,CC>TT,50057798
CC,CC>TT,6610098
CC,CC>TT,7102389
CC,CC>TA,47143668
CC,CC>TT,39629051
CC,CC>AT,41321427
CC,CC>TT,48111145
CC,CC>TT,22127068
CC,CC>TT,8802075
CC,CC>TT,13374354
CC,CC>TT,33175444
CC,CC>TT,9012701
CC,CC>TT,44923777
CC,CC>TT,22431886
CC,CC>TT,14151700
CC,CC>TT,34522223
CC,CC>TT,36326456
CC,CC>TT,5044950
CC,CC>TT,42030106
CC,CC>TT,34848385
CC,CC>TT,39265824
CC,CC>TT,37074428
CC,CC>TT,1722066
CC,CC>TT,52663439
CC,CC>TT,16889851
CC,CC>TT,23211297
CC,CC>TT,43971702
CC,CC>TT,12845120
TG,TG>GA,28930042
CC,CC>TT,24185578
CC,CC>TT,37538555
CC,CC>TT,47461597
AC,AC>TT,42909193
CC,CC>TT,39466604
AC,AC>TT,20962172
AC,AC>GT,2444078
CC,CC>TT,30872334
AC,AC>TT,19931549
CC,CC>TT,38601581
CC,CC>TT,8868175
CC,CC>TT,31762971
CC,CC>TT,30866493
CC,CC>TT,39024659
CC,CC>TT,15608780
CC,CC>TT,11047702
CC,CC>TT,3672035
CC,CC>TT,19546119
CC,CC>TT,17946965
CT,CT>TC,17386580
CC,CC>TT,51913270
CC,CC>TT,35659518
CC,CC>TT,49775702
CC,CC>AT,50586911
CC,CC>TT,24609490
CC,CC>AT,47282851
CC,CC>TT,33204854
CC,CC>TT,17157568
CC,CC>TT,7019169
AC,AC>CT,18161797
CC,CC>TT,34330662
TT,TT>AC,35146214
CC,CC>TT,23049464
CC,CC>TT,30630769
CC,CC>TT,3686944
CC,CC>TT,29879261
CC,CC>TT,27756253
CC,CC>TT,26724325
CC,CC>TT,26631115
CC,CC>AT,9760208
CT,CT>TG,27922024
CC,CC>TT,32840560
CC,CC>TT,46973691
CC,CC>GT,23611251
CC,CC>TT,38136076
CC,CC>TT,27022323
CC,CC>TA,17170032
CC,CC>TT,34390451
CC,CC>TT,15796006
CC,CC>TT,24324032
CC,CC>TT,5671796
CC,CC>TT,25203303
CC,CC>TT,18220001
CC,CC>TT,19003406
CC,CC>TT,18732721
CC,CC>TT,14181328
CC,CC>TT,38418126
CC,CC>TT,48921169
CC,CC>TT,41573460
CC,CC>TT,22186848
CC,CC>TT,27799262
CC,CC>TT,24427589
CC,CC>TT,14263761
CC,CC>TT,9875252
CC,CC>TT,10135150
TC,TC>AT,25116431
CC,CC>TT,21723151
CC,CC>TT,38982078
CC,CC>TT,51658769
CC,CC>TT,47794230
CC,CC>TT,42434069
AC,AC>TT,2603398
CC,CC>TT,39830804
CC,CC>TT,31117242
CC,CC>TT,31719266
CC,CC>TT,10142441
CC,CC>TT,13784718
CC,CC>TT,20443294
CC,CC>TT,28658377
CC,CC>TT,35994945
CT,CT>TC,15145329
TC,TC>AT,11568292
CT,CT>TG,39913960
CC,CC>TT,42289136
CC,CC>TT,16812478
CC,CC>TT,49116847
TC,TC>GT,21778784
CC,CC>TT,31238277
CC,CC>TT,50269520
CC,CC>TG,47448442
CC,CC>TT,45517564
CC,CC>TT,49149416
CC,CC>GT,23155270
