SubType,Type,Frequency
ACA,C>A,0
ACA,C>T,0
ACA,C>G,0
ACC,C>A,0
ACC,C>T,0
ACC,C>G,0
ACG,C>A,0
ACG,C>T,0
ACG,C>G,0
ACT,C>A,0
ACT,C>T,0
ACT,C>G,0
ATA,T>C,0
ATA,T>A,0
ATA,T>G,0
ATC,T>G,0
ATC,T>A,0
ATC,T>C,0
ATG,T>G,1
ATG,T>A,0
ATG,T>C,0
ATT,T>C,0
ATT,T>A,0
ATT,T>G,0
CCA,C>T,0
CCA,C>G,0
CCA,C>A,1
CCC,C>A,0
CCC,C>G,1
CCC,C>T,1
CCG,C>T,0
CCG,C>A,0
CCG,C>G,0
CCT,C>A,0
CCT,C>G,1
CCT,C>T,1
CTA,T>G,0
CTA,T>A,0
CTA,T>C,0
CTC,T>C,0
CTC,T>A,0
CTC,T>G,0
CTG,T>C,0
CTG,T>G,0
CTG,T>A,0
CTT,T>G,0
CTT,T>C,1
CTT,T>A,0
GCA,C>T,1
GCA,C>A,0
GCA,C>G,0
GCC,C>A,0
GCC,C>T,1
GCC,C>G,1
GCG,C>A,0
GCG,C>T,0
GCG,C>G,0
GCT,C>A,0
GCT,C>T,2
GCT,C>G,0
GTA,T>A,0
GTA,T>C,1
GTA,T>G,0
GTC,T>C,0
GTC,T>G,0
GTC,T>A,0
GTG,T>A,0
GTG,T>G,0
GTG,T>C,0
GTT,T>C,0
GTT,T>A,0
GTT,T>G,0
TCA,C>T,0
TCA,C>G,0
TCA,C>A,0
TCC,C>T,0
TCC,C>G,0
TCC,C>A,0
TCG,C>A,0
TCG,C>T,0
TCG,C>G,0
TCT,C>T,2
TCT,C>G,0
TCT,C>A,0
TTA,T>C,0
TTA,T>A,0
TTA,T>G,0
TTC,T>C,0
TTC,T>A,0
TTC,T>G,0
TTG,T>C,0
TTG,T>A,0
TTG,T>G,0
TTT,T>A,1
TTT,T>C,1
TTT,T>G,1
